Path,Bytes,SHA256
.gitignore,38,3021cfcf2d2dd9f90c469029fc9ff1ef820d3b98b82b7e50a78379a88fb79c81
CITATION.cff,586,8e57b65c6426ba539ab69351489de04e1222d3f016abb12064cac74b85a5d30f
code/costa_benchmark.py,3799,0212486523abce4e6f3f443d9bd0caf023cfbfd3662d4d6e2d396b430c37117b
code/costa_identifiability.py,4162,cad6fd565a93b326094ee6225b4717782e7765b3985eaf3b7a5e4ae81c74326f
code/costa_mode_variability.py,2459,779b33c3623fd227e504f3a27e9e664e861be74c5344e5554f1f7e630682c9c8
code/dry_joint_screen.py,4844,b463e2c6eb467d7e0443702c7a027dd66fd6e3cd2cf193999b012aeb1f40dbbe
code/effective_contact_mu_proxy.py,3464,0fb76e0b351377dcdcb4f1f5bc22809b587afcbca254c46681ae718bba35257a
code/lunar_friction_range_scenario.py,3751,bf015d2b5a7b6074fe4b4d427bd8fcbe67cd5a2baf23c9f310a873f5f2f02bb0
code/make_submission_figures.py,4347,0ce2126f421124dc2ce7d4f9d8936cf733d864270ea67a924f1cb5cd40b02999
code/minimal_variability_model.py,2491,6c05042c779a37aa4ea1394cdacb53ae9f212b0859821cf40bd341d3b50b20dd
code/orientation_stochastic_contact_model.py,8216,e3f27a81092d952516466dc5b3ba29062d9f53362057e4e5fb77e5d4c81735f2
code/source_variability_proxy.py,3207,59a2661641ac3fe099f5d2b645178ef5e15090d94db6447a29a156485cecb0d0
code/sourced_cohesion_gravity_crossover.py,3957,5db02cdb4350226c5658a83a420eaeb31b3eea243f2e525f5e55ec6c70d1cb22
code/stack_contact_screen.py,3454,22fdbd37f410e6f8e24d7d15033dfbc526906fbcd42966609af0ce74045ac542
data/costa2024_table2.csv,918,86e8205c9e21c7c5b8fe6d9abdec12a879fb6c6f3afd98f914a47eb21d02007e
data/lunar_cohesion_scenarios.csv,371,b8d66406a04ff2eb0473f7d5dca56e91f1e13f4fb6cb0c57afd614760d20a2eb
data/lunar_friction_angle_scenarios.csv,574,e888e87418bc20148353292c6d24c0c05c7b9d5321238d78399f00c40911378c
DATASETS_AND_LINKS.csv,1211,54dd98ed556112856a442efcbd17c2769fa52376b160a249241529b0888a9c8f
LICENSE,1093,a8e00baa71098e3f9a7566fccdbc4f27fcc0ba72c05e159980ed497ba51543e5
outputs/costa2024_benchmark.png,130180,25aae33a48a462682b90045eb78bb18b260f4ca0a5524f1db70ec7ebf2029712
outputs/costa2024_benchmark.svg,56478,3e387fe3efd016228f378eb135f18bd466edc0f3ebc596fda0584afda5a3ec1c
outputs/costa2024_benchmark_predictions.csv,1300,ec10df1212b8795b0c1dbc0fd6c0a1d16aa79978afdbf699e8e58dcaa52a60dd
outputs/costa2024_effective_contact_mu_proxy.csv,789,b9f35fb4372c3b97a96b1483e52afd1a5e17c88c13d98951ceb4293e8612b8bf
outputs/costa2024_effective_contact_mu_proxy.png,77851,3393104c8e8a5af1d2c63e7cd1ddfbc9c0840070fdb672795a3a8a7bc7a1f237
outputs/costa2024_effective_contact_mu_proxy.svg,46786,e424cfff86969ae76fa985a598c2dfcd58695daac5c10453921cdde9e648b4ab
outputs/costa2024_effective_contact_mu_summary.csv,326,ed38453d61cbed7110d9c727d91e1829efc2411ebba8e947e38cc75c5c2f6d0c
outputs/costa2024_identifiability_pairs.csv,421,02da469547a748ce3e1c93d320f4816a28059c29c22164920ea5231f23d95c03
outputs/costa2024_identifiability_pairs.png,56277,e61cdfce7adafa723545a12eb08843392588309ae3857839a8aca69b96722749
outputs/costa2024_identifiability_pairs.svg,39648,ee7cc59a5d5b04fad1b7befc890aed8d8c22cce31a945f66f0d0f28156347d71
outputs/costa2024_identifiability_summary.csv,269,8d42141688710b9066006954c29a8cdf2b0b93d0995f9a6e8bebe3d0cf4114a6
outputs/costa2024_mode_fractions.csv,482,3e0acf5431c9e7cb87d085b2826154f51488904b47a18ecee4b0c98c15b65671
outputs/costa2024_mode_fractions.png,87054,ebbcca7d67f43de34c0bcc8b2c59ead1a61b57a2bd79f9e76e215a51f644be6d
outputs/costa2024_mode_fractions.svg,51728,c63ff08ff4c083c204deb249eb4c45421ed73e57ca86a5e0f5ef7690eafa2ab6
outputs/costa2024_source_variability_proxy.csv,268,7bcbdcf41fad21fc261dd212f80de53823a7ad0f079278b3e680c55efc047449
outputs/costa2024_source_variability_proxy.png,54859,b8f1e9e98ffcc41454162d88e30e7043045904d9eca42b7a173e37d4177d2313
outputs/costa2024_source_variability_proxy.svg,37077,77b5eab0cb8194285c585e118bfca4d28a2a25b7562f559363fdf8f9d67b80cc
outputs/costa2024_source_variability_proxy_summary.csv,239,acf51a03eef596195ee7f3acab8414855cd5404dcb9068f6215c40f4a6dcc06a
outputs/dry_joint_stability_screen.png,172249,f3dec7917bddea36370b890514f78b0ab10a60bde92fa0bf2f2bce16e3918a66
outputs/dry_joint_stability_screen.svg,7935086,ea4f4f2298634f12733911b6dbce6bb2a20b76bf3bef52bac55499be9f06c2a1
outputs/dry_joint_thresholds.csv,3172,87ec6c497d0b63b93a56d3e8d13ffa13ad660f6e3e548303063f23a625591f80
outputs/fig1_mechanism_schematic.png,140188,09c3db4becf790ead00b750f6bb808794cea0a4294f4d8141418ead90eb7722b
outputs/fig1_mechanism_schematic.svg,62968,d7fdf0e5ee25d2ce42921edff091c4a79e2df5632ce2eea1056a2535e0a16eb2
outputs/lunar_friction_range_boundary_check.csv,581,40a1ef073bee94807fdfec9978ee8f0e2d758defd13c432bc2a4d40b020fa8d1
outputs/lunar_friction_range_scenario.csv,4076,fa46f7d931bb55bec0d75b56099c17aee0693d1356a94236b424da6c63461c3a
outputs/lunar_friction_range_scenario.png,82707,0c89d742fc9f76f8dcec7ea7cf330e0762f403b5fe6b6e2bfcbbb6550ea5300e
outputs/lunar_friction_range_scenario.svg,56793,323c8d181ba1eae20f3e24a58d521460c7423e0edd48f3a08a5c7032645d912c
outputs/minimal_variability_required_offsets.csv,548,716b01910b82e505f331a41e3e4315f7e8cf9784779d8dc9b10193f047089c26
outputs/minimal_variability_required_offsets.png,73544,77aeb8a3c8df92082675feadac864769e7d2ceaa1d73fe6ed76edb22b9c6da4c
outputs/minimal_variability_required_offsets.svg,39600,f8570f776f43f1075068c9eb49fdffaef443446a0580144ed0ed24b5ea976973
outputs/orientation_stochastic_contact_model_comparison.csv,144,0dcadc1e89c488ec14f8abd153b50409796cea434a1bbb53aff85e67a3dfb031
outputs/orientation_stochastic_contact_parameters.csv,153,18bda9e9e90a7ee8e32d32529b176ef3dbc7185d3712a95ad7f5e808603963ef
outputs/orientation_stochastic_contact_predictions.csv,773,09943c7976f807a0a252664e8f7c416a1a05ab4e77bfa72796f800708bdc725e
outputs/orientation_stochastic_contact_predictions.png,110633,57afd92432bb5c3bca3458ad065d229a2d420ed9b9c7b8645e17b4dbf8f47dce
outputs/orientation_stochastic_contact_predictions.svg,67096,6e0d134ae88c890d523019ef9135f090a6fc5d30410bab0a4adcb3c4e083d1cd
outputs/orientation_stochastic_contact_sensitivity.csv,583,030a8d9f99fca8b9eb8c8fb6da8bd6fa7efa0b15edbdce840eb2538d7b6817e6
outputs/sourced_cohesion_gravity_crossover.csv,1833,976b1c6c5a691ee9a2ceeb38a9e4a3d413145b8c9658124d6bb94e626e1acdd9
outputs/sourced_cohesion_gravity_crossover.png,52020,191fed1c36651bf493bf7fb06654bab274f20a9b9514794a06a97a3037d1ac4d
outputs/sourced_cohesion_gravity_crossover.svg,34235,2403b706520e15cdc4e730719238dc35bc5290c71d4f6c336176c765a16b9fba
outputs/stack_contact_baseline.png,156987,743d019db6c872da77095b0eb1ebb169f396ea8085fbd5b357feaea68da208ee
outputs/stack_contact_baseline.svg,71962,731b07742cf107f1a37cfce4d08cf6321669b9a670e4b6bacc34af1d01098218
outputs/stack_contact_thresholds.csv,2135,d2ae9531fb14cdfbd7f94251426aad82f4594afac7ca9fd584be0eb6ab554468
README.md,1652,b4511f41863deed5fa9c4079cff43d308a1aca6dc19517c8b530bb4c6cabf3c1
REPRODUCIBLE_RUNBOOK.md,1269,4bd0f5888f5af11b622bcc7df61b46938179ffc46841e6a4492c38f483150091
requirements.txt,47,71b378d3f836fd48da3fd2275aeddb11c09b34f30994be6c55280c2122b97b84
