environment,g_m_s2,aspect_h_over_b,cohesion_Pa,q_slide_Pa,q_overturn_Pa,q_critical_Pa,pressure_mode,a_slide_m_s2,a_overturn_m_s2,acceleration_mode
Earth,9.81,0.5,0.0,5297.400000000001,17658.0,5297.400000000001,sliding,5.886,19.62,sliding
Earth,9.81,0.5,500.0,6297.400000000001,17658.0,6297.400000000001,sliding,5.886,19.62,sliding
Earth,9.81,0.5,1000.0,7297.400000000001,17658.0,7297.400000000001,sliding,5.886,19.62,sliding
Earth,9.81,1.0,0.0,5297.400000000001,8829.0,5297.400000000001,sliding,5.886,9.81,sliding
Earth,9.81,1.0,500.0,5797.400000000001,8829.0,5797.400000000001,sliding,5.886,9.81,sliding
Earth,9.81,1.0,1000.0,6297.400000000001,8829.0,6297.400000000001,sliding,5.886,9.81,sliding
Earth,9.81,2.0,0.0,5297.400000000001,4414.5,4414.5,overturning,5.886,4.905,overturning
Earth,9.81,2.0,500.0,5547.400000000001,4414.5,4414.5,overturning,5.886,4.905,overturning
Earth,9.81,2.0,1000.0,5797.400000000001,4414.5,4414.5,overturning,5.886,4.905,overturning
Earth,9.81,4.0,0.0,5297.400000000001,2207.25,2207.25,overturning,5.886,2.4525,overturning
Earth,9.81,4.0,500.0,5422.400000000001,2207.25,2207.25,overturning,5.886,2.4525,overturning
Earth,9.81,4.0,1000.0,5547.400000000001,2207.25,2207.25,overturning,5.886,2.4525,overturning
Mars,3.71,0.5,0.0,2003.4,6678.0,2003.4,sliding,2.226,7.42,sliding
Mars,3.71,0.5,500.0,3003.4,6678.0,3003.4,sliding,2.226,7.42,sliding
Mars,3.71,0.5,1000.0,4003.4,6678.0,4003.4,sliding,2.226,7.42,sliding
Mars,3.71,1.0,0.0,2003.4,3339.0,2003.4,sliding,2.226,3.71,sliding
Mars,3.71,1.0,500.0,2503.4,3339.0,2503.4,sliding,2.226,3.71,sliding
Mars,3.71,1.0,1000.0,3003.4,3339.0,3003.4,sliding,2.226,3.71,sliding
Mars,3.71,2.0,0.0,2003.4,1669.5,1669.5,overturning,2.226,1.855,overturning
Mars,3.71,2.0,500.0,2253.4,1669.5,1669.5,overturning,2.226,1.855,overturning
Mars,3.71,2.0,1000.0,2503.4,1669.5,1669.5,overturning,2.226,1.855,overturning
Mars,3.71,4.0,0.0,2003.4,834.75,834.75,overturning,2.226,0.9275,overturning
Mars,3.71,4.0,500.0,2128.4,834.75,834.75,overturning,2.226,0.9275,overturning
Mars,3.71,4.0,1000.0,2253.4,834.75,834.75,overturning,2.226,0.9275,overturning
Moon,1.62,0.5,0.0,874.8000000000001,2916.0,874.8000000000001,sliding,0.972,3.24,sliding
Moon,1.62,0.5,500.0,1874.8000000000002,2916.0,1874.8000000000002,sliding,0.972,3.24,sliding
Moon,1.62,0.5,1000.0,2874.8,2916.0,2874.8,sliding,0.972,3.24,sliding
Moon,1.62,1.0,0.0,874.8000000000001,1458.0,874.8000000000001,sliding,0.972,1.62,sliding
Moon,1.62,1.0,500.0,1374.8000000000002,1458.0,1374.8000000000002,sliding,0.972,1.62,sliding
Moon,1.62,1.0,1000.0,1874.8000000000002,1458.0,1458.0,overturning,0.972,1.62,sliding
Moon,1.62,2.0,0.0,874.8000000000001,729.0,729.0,overturning,0.972,0.81,overturning
Moon,1.62,2.0,500.0,1124.8000000000002,729.0,729.0,overturning,0.972,0.81,overturning
Moon,1.62,2.0,1000.0,1374.8000000000002,729.0,729.0,overturning,0.972,0.81,overturning
Moon,1.62,4.0,0.0,874.8000000000001,364.5,364.5,overturning,0.972,0.405,overturning
Moon,1.62,4.0,500.0,999.8000000000001,364.5,364.5,overturning,0.972,0.405,overturning
Moon,1.62,4.0,1000.0,1124.8000000000002,364.5,364.5,overturning,0.972,0.405,overturning
