orientation,N,opening_angle_deg,friction_angle_deg,mu_equivalent,scenario_source_id,parameter_status,predicted_mode
concrete_parallel,2,32.005383208083494,29.2,0.558881109599822,Icarus2025_range_low,granular-regolith scenario only,sliding
concrete_parallel,2,32.005383208083494,36.9,0.7508212380387647,Icarus2025_TJCE5,granular-regolith measured value,toppling
concrete_parallel,2,32.005383208083494,43.0,0.9325150861376618,Icarus2025_range_high,granular-regolith scenario only,toppling
concrete_parallel,2,32.005383208083494,30.9637565,0.5999999992386875,Wang2026_contact,model input only,near_tie
concrete_parallel,3,22.619864948040426,29.2,0.558881109599822,Icarus2025_range_low,granular-regolith scenario only,toppling
concrete_parallel,3,22.619864948040426,36.9,0.7508212380387647,Icarus2025_TJCE5,granular-regolith measured value,toppling
concrete_parallel,3,22.619864948040426,43.0,0.9325150861376618,Icarus2025_range_high,granular-regolith scenario only,toppling
concrete_parallel,3,22.619864948040426,30.9637565,0.5999999992386875,Wang2026_contact,model input only,toppling
concrete_parallel,4,17.35402463626132,29.2,0.558881109599822,Icarus2025_range_low,granular-regolith scenario only,toppling
concrete_parallel,4,17.35402463626132,36.9,0.7508212380387647,Icarus2025_TJCE5,granular-regolith measured value,toppling
concrete_parallel,4,17.35402463626132,43.0,0.9325150861376618,Icarus2025_range_high,granular-regolith scenario only,toppling
concrete_parallel,4,17.35402463626132,30.9637565,0.5999999992386875,Wang2026_contact,model input only,toppling
concrete_parallel,5,14.036243467926479,29.2,0.558881109599822,Icarus2025_range_low,granular-regolith scenario only,toppling
concrete_parallel,5,14.036243467926479,36.9,0.7508212380387647,Icarus2025_TJCE5,granular-regolith measured value,toppling
concrete_parallel,5,14.036243467926479,43.0,0.9325150861376618,Icarus2025_range_high,granular-regolith scenario only,toppling
concrete_parallel,5,14.036243467926479,30.9637565,0.5999999992386875,Wang2026_contact,model input only,toppling
concrete_perpendicular,2,51.34019174590991,29.2,0.558881109599822,Icarus2025_range_low,granular-regolith scenario only,sliding
concrete_perpendicular,2,51.34019174590991,36.9,0.7508212380387647,Icarus2025_TJCE5,granular-regolith measured value,sliding
concrete_perpendicular,2,51.34019174590991,43.0,0.9325150861376618,Icarus2025_range_high,granular-regolith scenario only,sliding
concrete_perpendicular,2,51.34019174590991,30.9637565,0.5999999992386875,Wang2026_contact,model input only,sliding
concrete_perpendicular,3,39.80557109226519,29.2,0.558881109599822,Icarus2025_range_low,granular-regolith scenario only,sliding
concrete_perpendicular,3,39.80557109226519,36.9,0.7508212380387647,Icarus2025_TJCE5,granular-regolith measured value,sliding
concrete_perpendicular,3,39.80557109226519,43.0,0.9325150861376618,Icarus2025_range_high,granular-regolith scenario only,toppling
concrete_perpendicular,3,39.80557109226519,30.9637565,0.5999999992386875,Wang2026_contact,model input only,sliding
concrete_perpendicular,4,32.005383208083494,29.2,0.558881109599822,Icarus2025_range_low,granular-regolith scenario only,sliding
concrete_perpendicular,4,32.005383208083494,36.9,0.7508212380387647,Icarus2025_TJCE5,granular-regolith measured value,toppling
concrete_perpendicular,4,32.005383208083494,43.0,0.9325150861376618,Icarus2025_range_high,granular-regolith scenario only,toppling
concrete_perpendicular,4,32.005383208083494,30.9637565,0.5999999992386875,Wang2026_contact,model input only,near_tie
concrete_perpendicular,5,26.56505117707799,29.2,0.558881109599822,Icarus2025_range_low,granular-regolith scenario only,toppling
concrete_perpendicular,5,26.56505117707799,36.9,0.7508212380387647,Icarus2025_TJCE5,granular-regolith measured value,toppling
concrete_perpendicular,5,26.56505117707799,43.0,0.9325150861376618,Icarus2025_range_high,granular-regolith scenario only,toppling
concrete_perpendicular,5,26.56505117707799,30.9637565,0.5999999992386875,Wang2026_contact,model input only,toppling
