block_count_N,cohesion_Pa,tan_alpha_slide,tan_alpha_open,pressure_slide_Pa,pressure_open_Pa,pressure_mode,inertial_mode
1,0.0,0.6,2.5,874.8000000000001,3645.0,sliding,sliding
1,500.0,0.6,2.5,2124.8,3645.0,sliding,sliding
1,1000.0,0.6,2.5,3374.8,3645.0,sliding,sliding
2,0.0,0.6,1.25,874.8000000000001,1822.5,sliding,sliding
2,500.0,0.6,1.25,1499.8000000000002,1822.5,sliding,sliding
2,1000.0,0.6,1.25,2124.8,1822.5,opening,sliding
3,0.0,0.6,0.8333333333333333,874.8000000000001,1214.9999999999998,sliding,sliding
3,500.0,0.6,0.8333333333333333,1291.4666666666667,1214.9999999999998,opening,sliding
3,1000.0,0.6,0.8333333333333333,1708.1333333333332,1214.9999999999998,opening,sliding
4,0.0,0.6,0.625,874.8000000000001,911.25,sliding,sliding
4,500.0,0.6,0.625,1187.3000000000002,911.25,opening,sliding
4,1000.0,0.6,0.625,1499.8000000000002,911.25,opening,sliding
5,0.0,0.6,0.5,874.8000000000001,729.0,opening,opening
5,500.0,0.6,0.5,1124.8000000000002,729.0,opening,opening
5,1000.0,0.6,0.5,1374.8000000000002,729.0,opening,opening
6,0.0,0.6,0.41666666666666663,874.8000000000001,607.4999999999999,opening,opening
6,500.0,0.6,0.41666666666666663,1083.1333333333334,607.4999999999999,opening,opening
6,1000.0,0.6,0.41666666666666663,1291.4666666666667,607.4999999999999,opening,opening
7,0.0,0.6,0.3571428571428571,874.8000000000001,520.7142857142857,opening,opening
7,500.0,0.6,0.3571428571428571,1053.3714285714286,520.7142857142857,opening,opening
7,1000.0,0.6,0.3571428571428571,1231.942857142857,520.7142857142857,opening,opening
8,0.0,0.6,0.3125,874.8000000000001,455.625,opening,opening
8,500.0,0.6,0.3125,1031.0500000000002,455.625,opening,opening
8,1000.0,0.6,0.3125,1187.3000000000002,455.625,opening,opening
9,0.0,0.6,0.2777777777777778,874.8000000000001,405.0,opening,opening
9,500.0,0.6,0.2777777777777778,1013.688888888889,405.0,opening,opening
9,1000.0,0.6,0.2777777777777778,1152.5777777777778,405.0,opening,opening
10,0.0,0.6,0.25,874.8000000000001,364.5,opening,opening
10,500.0,0.6,0.25,999.8000000000001,364.5,opening,opening
10,1000.0,0.6,0.25,1124.8000000000002,364.5,opening,opening
